candidate_id,rank,score,reasoning
CAND_0088025,1,0.7166,"Staff Machine Learning Engineer at Yellow.ai with 8.6 years of experience. Relevant skills: BM25, Deep Learning, Elasticsearch, Flask. Semantic match 0.61, experience fit 0.96, and behavioral fit 0.85."
CAND_0098454,2,0.6873,"AI Specialist at Meesho with 6.6 years of experience. Relevant skills: ASR, CNN, Data Science, Embeddings. Semantic match 0.59, experience fit 0.73, and behavioral fit 0.93."
CAND_0064326,3,0.6812,"Search Engineer at Sarvam AI with 7.6 years of experience. Relevant skills: BM25, Deep Learning, Milvus, Object Detection. Semantic match 0.58, experience fit 0.84, and behavioral fit 0.86."
CAND_0070514,4,0.6727,"AI Specialist at Glance with 5.5 years of experience. Relevant skills: Apache Beam, BentoML, FAISS, GANs. Semantic match 0.63, experience fit 0.61, and behavioral fit 0.90."
CAND_0049978,5,0.6667,"Senior Software Engineer (ML) at Sarvam AI with 6.6 years of experience. Relevant skills: ASR, BM25, BentoML, BigQuery. Semantic match 0.60, experience fit 0.73, and behavioral fit 0.79."
CAND_0008295,6,0.6600,"AI Research Engineer at Razorpay with 6.5 years of experience. Relevant skills: BM25, BentoML, Computer Vision, Diffusion Models. Semantic match 0.56, experience fit 0.72, and behavioral fit 0.91."
CAND_0029439,7,0.6580,"AI Specialist at Mad Street Den with 6.4 years of experience. Relevant skills: ASR, BentoML, Feature Engineering, Fine-tuning LLMs. Semantic match 0.58, experience fit 0.71, and behavioral fit 0.86."
CAND_0022870,8,0.6564,"AI Specialist at HCL with 6.7 years of experience. Relevant skills: Apache Beam, Elasticsearch, Embeddings, Feature Engineering. Semantic match 0.57, experience fit 0.74, and behavioral fit 0.76."
CAND_0091909,9,0.6563,"Machine Learning Engineer at Rephrase.ai with 6.9 years of experience. Relevant skills: BentoML, Diffusion Models, Hugging Face Transformers, Image Classification. Semantic match 0.58, experience fit 0.77, and behavioral fit 0.74."
CAND_0099806,10,0.6553,"AI Engineer at Mad Street Den with 4.6 years of experience. Relevant skills: Agile, BM25, Elasticsearch, Embeddings. Semantic match 0.62, experience fit 0.51, and behavioral fit 0.86."
CAND_0038233,11,0.6512,"Software Engineer at Accenture with 9.6 years of experience. Relevant skills: Apache Beam, Apache Flink, CI/CD, Data Pipelines. Semantic match 0.55, experience fit 0.93, and behavioral fit 0.83."
CAND_0006567,12,0.6510,"Senior AI Engineer at Meta with 7.9 years of experience. Relevant skills: BM25, Content Matching, Data Science, Feature Engineering. Semantic match 0.64, experience fit 0.88, and behavioral fit 0.83."
CAND_0071974,13,0.6510,"Senior AI Engineer at Netflix with 7.8 years of experience. Relevant skills: BM25, CNN, Content Writing, Elasticsearch. Semantic match 0.61, experience fit 0.87, and behavioral fit 0.86."
CAND_0008517,14,0.6505,"AI Research Engineer at Locobuzz with 5.6 years of experience. Relevant skills: Feature Engineering, GANs, HTML, LoRA. Semantic match 0.65, experience fit 0.62, and behavioral fit 0.79."
CAND_0092706,15,0.6497,"AI Research Engineer at Unacademy with 5.8 years of experience. Relevant skills: Agile, Data Science, Fine-tuning LLMs, Forecasting. Semantic match 0.60, experience fit 0.64, and behavioral fit 0.86."
CAND_0076035,16,0.6494,"AI Specialist at Swiggy with 7.0 years of experience. Relevant skills: Agile, BM25, BentoML, CNN. Semantic match 0.59, experience fit 0.78, and behavioral fit 0.79."
CAND_0044890,17,0.6489,"AI Research Engineer at Haptik with 5.0 years of experience. Relevant skills: ASR, Apache Beam, BentoML, FAISS. Semantic match 0.63, experience fit 0.56, and behavioral fit 0.81."
CAND_0086502,18,0.6483,"Software Engineer at Stark Industries with 7.3 years of experience. Relevant skills: CI/CD, Diffusion Models, Embeddings, Feature Engineering. Semantic match 0.55, experience fit 0.81, and behavioral fit 0.76."
CAND_0005649,19,0.6482,"Senior Data Scientist at Sarvam AI with 7.4 years of experience. Relevant skills: Deep Learning, Fine-tuning LLMs, Haystack, Information Retrieval. Semantic match 0.55, experience fit 0.82, and behavioral fit 0.75."
CAND_0074735,20,0.6476,"Applied ML Engineer at Rephrase.ai with 5.5 years of experience. Relevant skills: ASR, BentoML, Elasticsearch, GANs. Semantic match 0.58, experience fit 0.61, and behavioral fit 0.85."
CAND_0088378,21,0.6471,"AI Research Engineer at Yellow.ai with 6.0 years of experience. Relevant skills: Data Science, Elasticsearch, Haystack, Image Classification. Semantic match 0.62, experience fit 0.67, and behavioral fit 0.71."
CAND_0070748,22,0.6455,"Software Engineer at Pied Piper with 9.5 years of experience. Relevant skills: Agile, BigQuery, Figma, Flask. Semantic match 0.54, experience fit 0.94, and behavioral fit 0.76."
CAND_0000165,23,0.6453,"AI Specialist at Mad Street Den with 6.8 years of experience. Relevant skills: ASR, Airflow, BentoML, Image Classification. Semantic match 0.61, experience fit 0.76, and behavioral fit 0.71."
CAND_0030946,24,0.6449,"Junior ML Engineer at Yellow.ai with 6.7 years of experience. Relevant skills: ASR, BM25, Computer Vision, Diffusion Models. Semantic match 0.55, experience fit 0.74, and behavioral fit 0.78."
CAND_0094165,25,0.6448,"AI Research Engineer at PhonePe with 5.8 years of experience. Relevant skills: Data Pipelines, Diffusion Models, Hadoop, Haystack. Semantic match 0.61, experience fit 0.64, and behavioral fit 0.83."
CAND_0096104,26,0.6444,"AI Specialist at Yellow.ai with 7.0 years of experience. Relevant skills: ASR, BM25, CI/CD, Data Science. Semantic match 0.63, experience fit 0.78, and behavioral fit 0.71."
CAND_0060835,27,0.6435,"Senior Software Engineer (ML) at Sarvam AI with 6.6 years of experience. Relevant skills: ASR, Azure, BentoML, Embeddings. Semantic match 0.60, experience fit 0.73, and behavioral fit 0.61."
CAND_0069905,28,0.6435,"Applied ML Engineer at Sarvam AI with 6.6 years of experience. Relevant skills: Computer Vision, Flask, Forecasting, Hugging Face Transformers. Semantic match 0.54, experience fit 0.73, and behavioral fit 0.84."
CAND_0036437,29,0.6432,"Search Engineer at Rephrase.ai with 4.8 years of experience. Relevant skills: Accounting, Elasticsearch, FAISS, Feature Engineering. Semantic match 0.62, experience fit 0.53, and behavioral fit 0.72."
CAND_0073007,30,0.6417,"AI Specialist at Aganitha with 5.8 years of experience. Relevant skills: BentoML, Computer Vision, Content Writing, Embeddings. Semantic match 0.55, experience fit 0.64, and behavioral fit 0.83."
CAND_0086022,31,0.6416,"Senior Applied Scientist at Sarvam AI with 5.3 years of experience. Relevant skills: Databricks, Deep Learning, ETL, Elasticsearch. Semantic match 0.60, experience fit 0.59, and behavioral fit 0.73."
CAND_0044222,32,0.6410,"AI Engineer at PolicyBazaar with 7.7 years of experience. Relevant skills: ASR, BM25, Content Writing, Deep Learning. Semantic match 0.61, experience fit 0.86, and behavioral fit 0.79."
CAND_0088817,33,0.6390,"Software Engineer at Freshworks with 7.6 years of experience. Relevant skills: Computer Vision, Diffusion Models, Figma, MLflow. Semantic match 0.57, experience fit 0.84, and behavioral fit 0.70."
CAND_0036724,34,0.6382,"Software Engineer at BYJU'S with 7.1 years of experience. Relevant skills: Airflow, Diffusion Models, Embeddings, FAISS. Semantic match 0.56, experience fit 0.79, and behavioral fit 0.68."
CAND_0077798,35,0.6375,"Software Engineer at Meesho with 8.0 years of experience. Relevant skills: ASR, BigQuery, CI/CD, Embeddings. Semantic match 0.55, experience fit 0.89, and behavioral fit 0.67."
CAND_0014063,36,0.6361,"AI Specialist at Sarvam AI with 5.4 years of experience. Relevant skills: ASR, Accounting, BM25, Data Science. Semantic match 0.60, experience fit 0.60, and behavioral fit 0.75."
CAND_0096610,37,0.6361,"Java Developer at Stark Industries with 9.5 years of experience. Relevant skills: Agile, BigQuery, Data Science, Diffusion Models. Semantic match 0.54, experience fit 0.94, and behavioral fit 0.66."
CAND_0043677,38,0.6350,"Software Engineer at Hooli with 9.0 years of experience. Relevant skills: AWS, FastAPI, Fine-tuning LLMs, GANs. Semantic match 0.54, experience fit 1.00, and behavioral fit 0.52."
CAND_0018925,39,0.6339,"AI Research Engineer at Rephrase.ai with 5.8 years of experience. Relevant skills: Angular, BentoML, Deep Learning, Elasticsearch. Semantic match 0.60, experience fit 0.64, and behavioral fit 0.75."
CAND_0017298,40,0.6337,"Java Developer at Hooli with 6.5 years of experience. Relevant skills: Airflow, Hadoop, MLOps, PyTorch. Semantic match 0.56, experience fit 0.72, and behavioral fit 0.81."
CAND_0013304,41,0.6326,"Data Engineer at Ola with 6.6 years of experience. Relevant skills: Airflow, BentoML, CNN, Image Classification. Semantic match 0.54, experience fit 0.73, and behavioral fit 0.83."
CAND_0024921,42,0.6321,"Data Engineer at PharmEasy with 7.4 years of experience. Relevant skills: Airflow, BM25, CNN, Forecasting. Semantic match 0.54, experience fit 0.82, and behavioral fit 0.69."
CAND_0093193,43,0.6321,"Senior Machine Learning Engineer at Niramai with 7.9 years of experience. Relevant skills: ASR, Content Matching, Forecasting, GANs. Semantic match 0.59, experience fit 0.88, and behavioral fit 0.83."
CAND_0088441,44,0.6318,"AI Specialist at Sarvam AI with 6.5 years of experience. Relevant skills: Agile, Information Retrieval, MLOps, Machine Learning. Semantic match 0.58, experience fit 0.72, and behavioral fit 0.69."
CAND_0043676,45,0.6316,"Senior Software Engineer (ML) at Observe.AI with 6.1 years of experience. Relevant skills: ASR, Diffusion Models, Forecasting, LoRA. Semantic match 0.58, experience fit 0.68, and behavioral fit 0.83."
CAND_0096090,46,0.6314,"Java Developer at Initech with 8.1 years of experience. Relevant skills: Airflow, Azure, BigQuery, CNN. Semantic match 0.54, experience fit 0.90, and behavioral fit 0.72."
CAND_0040521,47,0.6307,"Software Engineer at Meesho with 7.9 years of experience. Relevant skills: ASR, Airflow, Databricks, GCP. Semantic match 0.56, experience fit 0.88, and behavioral fit 0.76."
CAND_0098846,48,0.6307,"AI Engineer at upGrad with 7.6 years of experience. Relevant skills: Azure, BentoML, Hadoop, Haystack. Semantic match 0.62, experience fit 0.84, and behavioral fit 0.81."
CAND_0053591,49,0.6303,"AI Engineer at Ola with 5.3 years of experience. Relevant skills: BM25, Data Pipelines, Embeddings, LangChain. Semantic match 0.65, experience fit 0.59, and behavioral fit 0.88."
CAND_0029367,50,0.6302,"Senior Data Scientist at Rephrase.ai with 5.7 years of experience. Relevant skills: BentoML, FAISS, Forecasting, GANs. Semantic match 0.60, experience fit 0.63, and behavioral fit 0.71."
CAND_0052744,51,0.6302,"Senior Software Engineer (ML) at Niramai with 4.9 years of experience. Relevant skills: ASR, Databricks, Diffusion Models, MLflow. Semantic match 0.58, experience fit 0.54, and behavioral fit 0.84."
CAND_0081480,52,0.6298,"Computer Vision Engineer at Sarvam AI with 5.6 years of experience. Relevant skills: ASR, BM25, BentoML, CI/CD. Semantic match 0.55, experience fit 0.62, and behavioral fit 0.87."
CAND_0064130,53,0.6296,"AI Research Engineer at Unacademy with 6.7 years of experience. Relevant skills: CNN, Data Science, Haystack, LoRA. Semantic match 0.55, experience fit 0.74, and behavioral fit 0.73."
CAND_0073883,54,0.6293,"AI Specialist at Krutrim with 5.3 years of experience. Relevant skills: ASR, Deep Learning, FAISS, Forecasting. Semantic match 0.55, experience fit 0.59, and behavioral fit 0.86."
CAND_0031829,55,0.6290,"Senior Software Engineer at InMobi with 6.5 years of experience. Relevant skills: BM25, Data Science, Databricks, ETL. Semantic match 0.54, experience fit 0.72, and behavioral fit 0.88."
CAND_0054318,56,0.6288,"AI Research Engineer at BYJU'S with 3.5 years of experience. Relevant skills: Diffusion Models, FAISS, GANs, GCP. Semantic match 0.62, experience fit 0.39, and behavioral fit 0.89."
CAND_0071321,57,0.6287,"Senior Software Engineer at Meesho with 6.4 years of experience. Relevant skills: Airflow, Azure, CNN, FastAPI. Semantic match 0.56, experience fit 0.71, and behavioral fit 0.73."
CAND_0032089,58,0.6283,"ML Engineer at Saarthi.ai with 6.6 years of experience. Relevant skills: FastAPI, GANs, HTML, Haystack. Semantic match 0.53, experience fit 0.73, and behavioral fit 0.73."
CAND_0041118,59,0.6283,"Senior Data Engineer at InMobi with 7.0 years of experience. Relevant skills: BentoML, GANs, GraphQL, MLOps. Semantic match 0.54, experience fit 0.78, and behavioral fit 0.77."
CAND_0043829,60,0.6283,"AI Research Engineer at Observe.AI with 4.8 years of experience. Relevant skills: ASR, BM25, Feature Engineering, Forecasting. Semantic match 0.59, experience fit 0.53, and behavioral fit 0.84."
CAND_0047278,61,0.6276,"Backend Engineer at Ola with 7.9 years of experience. Relevant skills: Airflow, Apache Flink, BentoML, LlamaIndex. Semantic match 0.56, experience fit 0.88, and behavioral fit 0.75."
CAND_0068596,62,0.6276,"AI Research Engineer at Locobuzz with 4.3 years of experience. Relevant skills: Embeddings, FAISS, Fine-tuning LLMs, Hugging Face Transformers. Semantic match 0.61, experience fit 0.48, and behavioral fit 0.79."
CAND_0043958,63,0.6275,"AI Research Engineer at Dream11 with 6.7 years of experience. Relevant skills: Azure, CI/CD, FAISS, Fine-tuning LLMs. Semantic match 0.59, experience fit 0.74, and behavioral fit 0.51."
CAND_0052195,64,0.6270,"Computer Vision Engineer at Sarvam AI with 6.3 years of experience. Relevant skills: CNN, Flask, GANs, Information Retrieval. Semantic match 0.54, experience fit 0.70, and behavioral fit 0.77."
CAND_0035879,65,0.6262,"AI Research Engineer at Krutrim with 4.5 years of experience. Relevant skills: ASR, BM25, CI/CD, CSS. Semantic match 0.57, experience fit 0.50, and behavioral fit 0.82."
CAND_0037980,66,0.6249,"Senior Applied Scientist at Niramai with 9.0 years of experience. Relevant skills: BM25, BentoML, Document Processing, Feature Engineering. Semantic match 0.55, experience fit 1.00, and behavioral fit 0.79."
CAND_0065805,67,0.6249,"Data Scientist at Rephrase.ai with 6.3 years of experience. Relevant skills: ASR, BM25, CNN, GANs. Semantic match 0.63, experience fit 0.70, and behavioral fit 0.59."
CAND_0089498,68,0.6248,"AI Specialist at Genpact AI with 5.8 years of experience. Relevant skills: ASR, Data Science, Diffusion Models, Fine-tuning LLMs. Semantic match 0.60, experience fit 0.64, and behavioral fit 0.56."
CAND_0028527,69,0.6247,"AI Specialist at Tech Mahindra with 5.4 years of experience. Relevant skills: Angular, Django, Feature Engineering, GANs. Semantic match 0.55, experience fit 0.60, and behavioral fit 0.83."
CAND_0087030,70,0.6247,"Data Engineer at Meesho with 7.8 years of experience. Relevant skills: BM25, ETL, Excel, Forecasting. Semantic match 0.54, experience fit 0.87, and behavioral fit 0.61."
CAND_0005311,71,0.6245,"AI Research Engineer at Aganitha with 5.7 years of experience. Relevant skills: BentoML, CNN, FastAPI, Feature Engineering. Semantic match 0.61, experience fit 0.63, and behavioral fit 0.57."
CAND_0097108,72,0.6245,"Java Developer at Accenture with 8.7 years of experience. Relevant skills: Agile, Angular, Computer Vision, Docker. Semantic match 0.55, experience fit 0.97, and behavioral fit 0.46."
CAND_0044883,73,0.6244,"AI Engineer at Mad Street Den with 6.3 years of experience. Relevant skills: ASR, BM25, CNN, Computer Vision. Semantic match 0.58, experience fit 0.70, and behavioral fit 0.60."
CAND_0003956,74,0.6235,"Data Analyst at Meesho with 6.6 years of experience. Relevant skills: ASR, Agile, BM25, Django. Semantic match 0.54, experience fit 0.73, and behavioral fit 0.79."
CAND_0028422,75,0.6234,"Junior ML Engineer at Yellow.ai with 5.5 years of experience. Relevant skills: BentoML, CNN, Computer Vision, Data Science. Semantic match 0.55, experience fit 0.61, and behavioral fit 0.86."
CAND_0073314,76,0.6232,"Senior Software Engineer (ML) at Aganitha with 5.2 years of experience. Relevant skills: ASR, Agile, BentoML, Elasticsearch. Semantic match 0.54, experience fit 0.58, and behavioral fit 0.81."
CAND_0009844,77,0.6230,"Senior Software Engineer at Nykaa with 6.9 years of experience. Relevant skills: ASR, Embeddings, HTML, Kubeflow. Semantic match 0.55, experience fit 0.77, and behavioral fit 0.76."
CAND_0059795,78,0.6229,"Senior Software Engineer (ML) at Locobuzz with 5.6 years of experience. Relevant skills: Azure, Data Science, Forecasting, GANs. Semantic match 0.56, experience fit 0.62, and behavioral fit 0.80."
CAND_0005269,79,0.6228,"Senior Software Engineer (ML) at Sarvam AI with 6.1 years of experience. Relevant skills: Airflow, Elasticsearch, FAISS, Fine-tuning LLMs. Semantic match 0.57, experience fit 0.68, and behavioral fit 0.62."
CAND_0013283,80,0.6228,"Data Engineer at BYJU'S with 7.3 years of experience. Relevant skills: ASR, Airflow, CNN, Diffusion Models. Semantic match 0.53, experience fit 0.81, and behavioral fit 0.66."
CAND_0059024,81,0.6226,"Senior Software Engineer at Meesho with 7.4 years of experience. Relevant skills: Angular, Data Pipelines, GANs, HTML. Semantic match 0.54, experience fit 0.82, and behavioral fit 0.76."
CAND_0083590,82,0.6218,"Software Engineer at Ola with 8.0 years of experience. Relevant skills: BM25, Databricks, Feature Engineering, GANs. Semantic match 0.57, experience fit 0.89, and behavioral fit 0.48."
CAND_0099464,83,0.6217,"Software Engineer at Initech with 8.0 years of experience. Relevant skills: Agile, GCP, Go, GraphQL. Semantic match 0.55, experience fit 0.89, and behavioral fit 0.52."
CAND_0021100,84,0.6213,"Data Engineer at PharmEasy with 7.0 years of experience. Relevant skills: Elasticsearch, GANs, MLflow, Milvus. Semantic match 0.54, experience fit 0.78, and behavioral fit 0.71."
CAND_0079387,85,0.6207,"AI Engineer at Microsoft with 6.9 years of experience. Relevant skills: ASR, BM25, BentoML, Haystack. Semantic match 0.59, experience fit 0.77, and behavioral fit 0.89."
CAND_0023480,86,0.6198,"Software Engineer at Pied Piper with 8.7 years of experience. Relevant skills: ASR, Accounting, Airflow, Diffusion Models. Semantic match 0.54, experience fit 0.97, and behavioral fit 0.58."
CAND_0026913,87,0.6198,"AI Specialist at Ola with 3.9 years of experience. Relevant skills: ASR, Feature Engineering, Fine-tuning LLMs, Kubernetes. Semantic match 0.62, experience fit 0.43, and behavioral fit 0.85."
CAND_0080766,88,0.6194,"Staff Machine Learning Engineer at Salesforce with 8.8 years of experience. Relevant skills: ASR, Computer Vision, Deep Learning, Elasticsearch. Semantic match 0.54, experience fit 0.98, and behavioral fit 0.65."
CAND_0007567,89,0.6191,"AI Specialist at Niramai with 6.1 years of experience. Relevant skills: Apache Beam, Diffusion Models, Elasticsearch, FAISS. Semantic match 0.61, experience fit 0.68, and behavioral fit 0.84."
CAND_0077067,90,0.6191,"AI Specialist at PolicyBazaar with 5.4 years of experience. Relevant skills: Elasticsearch, FastAPI, Feature Engineering, GANs. Semantic match 0.59, experience fit 0.60, and behavioral fit 0.76."
CAND_0022720,91,0.6185,"AI Research Engineer at Sarvam AI with 6.5 years of experience. Relevant skills: Accounting, Agile, Azure, BM25. Semantic match 0.59, experience fit 0.72, and behavioral fit 0.46."
CAND_0050454,92,0.6180,"AI Engineer at Rephrase.ai with 6.8 years of experience. Relevant skills: BM25, FAISS, Feature Engineering, Fine-tuning LLMs. Semantic match 0.62, experience fit 0.76, and behavioral fit 0.80. Quality flags: no_github_signal."
CAND_0087796,93,0.6175,"Software Engineer at Pied Piper with 6.3 years of experience. Relevant skills: ASR, Angular, Apache Flink, Diffusion Models. Semantic match 0.54, experience fit 0.70, and behavioral fit 0.77."
CAND_0011643,94,0.6173,"AI Research Engineer at Swiggy with 4.2 years of experience. Relevant skills: Apache Flink, BentoML, CNN, Django. Semantic match 0.58, experience fit 0.47, and behavioral fit 0.81."
CAND_0075931,95,0.6172,"Software Engineer at BYJU'S with 7.5 years of experience. Relevant skills: Agile, BentoML, Computer Vision, Data Science. Semantic match 0.53, experience fit 0.83, and behavioral fit 0.73."
CAND_0084935,96,0.6171,"Software Engineer at Freshworks with 7.9 years of experience. Relevant skills: Airflow, CNN, Content Writing, Feature Engineering. Semantic match 0.53, experience fit 0.88, and behavioral fit 0.69."
CAND_0094728,97,0.6171,"AI Specialist at Swiggy with 6.5 years of experience. Relevant skills: Agile, BM25, CI/CD, Data Science. Semantic match 0.60, experience fit 0.72, and behavioral fit 0.43."
CAND_0062247,98,0.6169,"AI Engineer at Google with 7.3 years of experience. Relevant skills: ASR, BM25, Computer Vision, Deep Learning. Semantic match 0.61, experience fit 0.81, and behavioral fit 0.80."
CAND_0093401,99,0.6169,"AI Specialist at Haptik with 6.0 years of experience. Relevant skills: BigQuery, Diffusion Models, Embeddings, LangChain. Semantic match 0.61, experience fit 0.67, and behavioral fit 0.86."
CAND_0034618,100,0.6168,"Software Engineer at Accenture with 8.0 years of experience. Relevant skills: Agile, Angular, Django, Embeddings. Semantic match 0.54, experience fit 0.89, and behavioral fit 0.48."
